<?xml version="1.0" encoding="UTF-8" standalone="yes"?>
<SharedFlowBundle revision="1" name="SF-firebaseResponseConverter">
    <ConfigurationVersion majorVersion="4" minorVersion="0"/>
    <CreatedAt>1580214031732</CreatedAt>
    <CreatedBy>admin@rakutendocp.org</CreatedBy>
    <Description>Use to convert the response from Firestore REST API which contains additional fields to the JSON response in its pure form.</Description>
    <DisplayName>SF-firebaseResponseConverter</DisplayName>
    <LastModifiedAt>1583486847519</LastModifiedAt>
    <LastModifiedBy>adminapigee@rakutenapigee.org</LastModifiedBy>
    <ManifestVersion>SHA-512:8783aa477c257073dda3d5552649320303ef8c3e6f6a35ee8d3c935ba99aaf87aa2df061e1e14f8630c12d3bb9fb0eda7f77cb9009ff31cd83008fbf7ab5fb6d</ManifestVersion>
    <Policies>
        <Policy>JS-firestoreResponseConverter</Policy>
        <Policy>RF-firestoreError</Policy>
    </Policies>
    <Resources>
        <Resource>jsc://firestoreResponseConverter.js</Resource>
    </Resources>
    <Spec></Spec>
    <subType>SharedFlow</subType>
    <SharedFlows>
        <SharedFlow>default</SharedFlow>
    </SharedFlows>
</SharedFlowBundle>
