<?xml version="1.0" encoding="UTF-8" standalone="yes"?>
<RaiseFault async="false" continueOnError="false" enabled="true" name="RF-firestoreError">
    <DisplayName>RF-firestoreError</DisplayName>
    <Properties/>
    <FaultResponse>
        <Set>
            <Headers/>
            <Payload contentType="application/json">
                {
                    "message":"Invalid input to Converter"
                }
            </Payload>
            <StatusCode>400</StatusCode>
            <ReasonPhrase>Bad Request</ReasonPhrase>
        </Set>
    </FaultResponse>
    <IgnoreUnresolvedVariables>true</IgnoreUnresolvedVariables>
</RaiseFault>