<?xml version="1.0" encoding="UTF-8" standalone="yes"?>
<Manifest name="manifest">
    <Policies>
        <VersionInfo resourceName="JS-firestoreResponseConverter" version="SHA-512:0b702c124da579b35f40ff98f46b84a4a3c71f889f106069d8b8826a3d7e759e3c9dfe3ba3af8b044f89130da18074de807b9db808a2dd674294984faf6b1b28"/>
        <VersionInfo resourceName="RF-firestoreError" version="SHA-512:28230789d91934e2c91b0f00073512f6db9cc348b6842b7340bc7f4df74770962f46151723e6de58092c603e2a2c1b052db7a95762bca76df0d489e63c1feb95"/>
    </Policies>
    <ProxyEndpoints/>
    <Resources>
        <VersionInfo resourceName="jsc://firestoreResponseConverter.js" version="SHA-512:8de23cb0059a5a0570ccf47cf5eed8975e198103ca518bf4f047c82ab0c80c4e6603f930c551e67a6b3ea3acc7877802a6e5b47af2c0d102e89a3f02dbbea27b"/>
    </Resources>
    <SharedFlows>
        <VersionInfo resourceName="default" version="SHA-512:6acfbc1be215314578798d7dd0be1d7cd1ec31581f205018c0cc612cadaa940f8fba57c5831ca774dfa81f82a096bf1663afd8b37e8723849629d05837f2727d"/>
    </SharedFlows>
    <TargetEndpoints/>
</Manifest>
