<?xml version="1.0" encoding="UTF-8" standalone="yes"?>
<SharedFlowBundle revision="1" name="SF-firebaseRequestConverter">
    <ConfigurationVersion majorVersion="4" minorVersion="0"/>
    <CreatedAt>1580213999651</CreatedAt>
    <CreatedBy>admin@rakutendocp.org</CreatedBy>
    <Description>Converts standard JSON structure to Firestore's request structure</Description>
    <DisplayName>SF-firebaseRequestConverter</DisplayName>
    <LastModifiedAt>1583486870616</LastModifiedAt>
    <LastModifiedBy>adminapigee@rakutenapigee.org</LastModifiedBy>
    <ManifestVersion>SHA-512:200827a9a1aec1ba50573ac0316a8a3d72e34ebf9afa92427556d06b19cf5d8cc389aec60529ddb236e6e45081e57091fae656cd0dbaa638a369c6d1969fede6</ManifestVersion>
    <Policies>
        <Policy>JS-firebaseRequestConverter</Policy>
        <Policy>RF-firestoreError</Policy>
    </Policies>
    <Resources>
        <Resource>jsc://JS-firebaseRequestConverter.js</Resource>
    </Resources>
    <Spec></Spec>
    <subType>SharedFlow</subType>
    <SharedFlows>
        <SharedFlow>default</SharedFlow>
    </SharedFlows>
</SharedFlowBundle>
