<?xml version="1.0" encoding="UTF-8" standalone="yes"?>
<Manifest name="manifest">
    <Policies>
        <VersionInfo resourceName="JS-firebaseRequestConverter" version="SHA-512:c3f1bea14687662a348efa2c4231166dea45982a985f183e5d67668d75e9573fd9d2984a139ef0ddfb14a8646dd8f9c7fe19b14cec03d66e9936fd8554d83cd2"/>
        <VersionInfo resourceName="RF-firestoreError" version="SHA-512:4d67b1a978915a10e5d926eae54291164a183a7162682208be80979ca4d2fa93fc76220ab32c0e6dd457a3722e643e848e0bf288fa80abb356ac4a6a26ee3864"/>
    </Policies>
    <ProxyEndpoints/>
    <Resources>
        <VersionInfo resourceName="jsc://JS-firebaseRequestConverter.js" version="SHA-512:365a4ff7eb54ea531d401807d3901824469c7911ed70ceed75ab5e1d45fe6c5a625df5eb6504acb41f7a8ea3cd67d2507cbdfa4c7b43775a8a1c11fe3a85eab6"/>
    </Resources>
    <SharedFlows>
        <VersionInfo resourceName="default" version="SHA-512:588229bef50c55d7bef8d7210d7976ffff713e3651a5b876a2a1748236e4ef7bbba008d526d66246b2acc6e1ccc0eaf08d58e77b95d4f9cc82d6e5e63283cca3"/>
    </SharedFlows>
    <TargetEndpoints/>
</Manifest>
